,headline,city,latitude,longitude,countrycode,cluster,x,y,count,longitude_cluster_center,latitude_cluster_center,x_cluster_center,y_cluster_center,distance,disease
42,Could Zika Reach New York City?,New York City,40.71427,-74.00596999999998,US,1,-74.00596999999998,40.71427,74,-75.30853633899987,40.00837891434379,4191604.7353022182,1861658.5378787196,84.09154185313007,
43,Baltimore plans for Zika virus,Baltimore,39.29038,-76.61219,US,1,-76.61219,39.29038,74,-75.30853633899987,40.00837891434379,4191604.7353022182,1861658.5378787196,85.20892229848242,
100,Outbreak of Zika in Leesburg,Leesburg,39.11566,-77.5636,US,1,-77.5636,39.11566,74,-75.30853633899987,40.00837891434379,4191604.7353022182,1861658.5378787196,134.93026245577022,
97,Zika virus case reported in Rockland,Rockland,42.13066,-70.91615999999998,US,1,-70.91615999999998,42.13066,74,-75.30853633899987,40.00837891434379,4191604.7353022182,1861658.5378787196,271.5108920994998,
50,Zika cases concern Charlotte residents,Charlotte,35.22709000000001,-80.84313,US,1,-80.84313,35.22709000000001,74,-75.30853633899987,40.00837891434379,4191604.7353022182,1861658.5378787196,447.69418662229674,
263,Zika symptoms spotted in Hollywood,Hollywood,34.09834,-118.32674,US,3,-118.32674,34.09834,57,-118.62318363264754,35.34258444564477,425043.68943620194,1441360.4364859327,87.5407485440586,
255,Zika Virus Arrives in Ontario,Ontario,34.063340000000004,-117.65089,US,3,-117.65089,34.063340000000004,57,-118.62318363264754,35.34258444564477,425043.68943620194,1441360.4364859327,104.14931468395213,
273,Zika arrives in Orange City,Orange,33.78779,-117.85311000000002,US,3,-117.85311000000002,33.78779,57,-118.62318363264754,35.34258444564477,425043.68943620194,1441360.4364859327,115.9355284312551,
265,Outbreak of Zika in Palm Springs,Palm Springs,33.8303,-116.54529,US,3,-116.54529,33.8303,57,-118.62318363264754,35.34258444564477,425043.68943620194,1441360.4364859327,157.64216450583282,
251,Escondido neighborhood to get sprayed for Zika virus,Escondido,33.119209999999995,-117.08642,US,3,-117.08642,33.119209999999995,57,-118.62318363264754,35.34258444564477,425043.68943620194,1441360.4364859327,176.80439152649726,
244,Key Zika Findings in San Diego Institute,San Diego,32.715709999999994,-117.16472,US,3,-117.16472,32.715709999999994,57,-118.62318363264754,35.34258444564477,425043.68943620194,1441360.4364859327,199.6447080018902,
252,"Zika in Belmont, Belmont worry",Belmont,37.52021,-122.2758,US,3,-122.2758,37.52021,57,-118.62318363264754,35.34258444564477,425043.68943620194,1441360.4364859327,252.50840744880324,
245,Zika Virus Reaches San Francisco,San Francisco,37.77493,-122.41942,US,3,-122.41942,37.77493,57,-118.62318363264754,35.34258444564477,425043.68943620194,1441360.4364859327,269.2738024825709,
290,Zika seminars in Yuma County,Yuma,32.72532,-114.6244,US,3,-114.6244,32.72532,57,-118.62318363264754,35.34258444564477,425043.68943620194,1441360.4364859327,291.51096283584195,
261,Zika Virus Sparks 'International Concern',Sparks,39.53491,-119.75269,US,3,-119.75269,39.53491,57,-118.62318363264754,35.34258444564477,425043.68943620194,1441360.4364859327,296.00117063570013,
142,El Paso fighting Zika,El Paso,31.75872,-106.48693,US,-1,-106.48693,31.75872,51,-103.33012768583086,39.10930235030643,1822697.1534123302,1614944.0249390802,537.5931298880535,
148,BREAKING - Zika in Missoula,Missoula,46.87215,-113.994,US,-1,-113.994,46.87215,51,-103.33012768583086,39.10930235030643,1822697.1534123302,1614944.0249390802,758.5166895174711,
144,Two more Zika cases confirmed in Laredo,Laredo,27.50641,-99.50754,US,-1,-99.50754,27.50641,51,-103.33012768583086,39.10930235030643,1822697.1534123302,1614944.0249390802,830.7020935798854,
140,Nashville takes precautions against Zika,Nashville,36.16589000000001,-86.78444,US,-1,-86.78444,36.16589000000001,51,-103.33012768583086,39.10930235030643,1822697.1534123302,1614944.0249390802,925.7811675077521,
158,Zika Outbreak in Weslaco,Weslaco,26.15952,-97.99084,US,-1,-97.99084,26.15952,51,-103.33012768583086,39.10930235030643,1822697.1534123302,1614944.0249390802,945.9887087068705,
157,Zika Troubles come to Harlingen,Harlingen,26.19063,-97.6961,US,-1,-97.6961,26.19063,51,-103.33012768583086,39.10930235030643,1822697.1534123302,1614944.0249390802,949.6583315932469,
138,Brownsville teen contracts Zika virus,Brownsville,25.90175,-97.49748,US,-1,-97.49748,25.90175,51,-103.33012768583086,39.10930235030643,1822697.1534123302,1614944.0249390802,972.5103891425578,
146,More Zika patients reported in Pensacola,Pensacola,30.42131,-87.21691,US,-1,-87.21691,30.42131,51,-103.33012768583086,39.10930235030643,1822697.1534123302,1614944.0249390802,1090.6029492437478,
139,"Seattle scientists get $500,000 grant to pursue Zika vaccine New 7:50 pm",Seattle,47.60621,-122.33207,US,-1,-122.33207,47.60621,51,-103.33012768583086,39.10930235030643,1822697.1534123302,1614944.0249390802,1115.3812404757684,
189,Chicago's First Zika Case Confirmed,Chicago,41.85003,-87.65005,US,4,-87.65005,41.85003,45,-86.77837224622355,41.61278733764876,3215986.4638657076,1889904.7874241085,47.8081013370367,
192,Madison lab developing vaccine against Zika virus [The Wisconsin State Journal],Madison,43.07305,-89.40123,US,4,-89.40123,43.07305,45,-86.77837224622355,41.61278733764876,3215986.4638657076,1889904.7874241085,167.5627226910946,
194,First Zika Case in Cincinnati,Cincinnati,39.12711,-84.51439,US,4,-84.51439,39.12711,45,-86.77837224622355,41.61278733764876,3215986.4638657076,1889904.7874241085,208.8792879849843,
193,First Columbus Zika case,Columbus,39.96118,-82.99879,US,4,-82.99879,39.96118,45,-86.77837224622355,41.61278733764876,3215986.4638657076,1889904.7874241085,228.09968586721473,
204,Zika case confirmed in Lorain,Lorain,41.45282,-82.18236999999998,US,4,-82.18236999999998,41.45282,45,-86.77837224622355,41.61278733764876,3215986.4638657076,1889904.7874241085,237.7755970703591,
191,Zika virus reported in Cleveland,Cleveland,41.4995,-81.69541,US,4,-81.69541,41.4995,45,-86.77837224622355,41.61278733764876,3215986.4638657076,1889904.7874241085,262.69963220742596,
188,Mosquito control efforts in St. Louis take new tactics with Zika threat,St. Louis,38.62727,-90.19789,US,4,-90.19789,38.62727,45,-86.77837224622355,41.61278733764876,3215986.4638657076,1889904.7874241085,273.9737532430405,
207,Erie County sets Zika traps,Erie,42.12922,-80.08506,US,4,-80.08506,42.12922,45,-86.77837224622355,41.61278733764876,3215986.4638657076,1889904.7874241085,345.8848667462482,
219,Zika investigators coming to Mankato,Mankato,44.15906,-94.00915,US,4,-94.00915,44.15906,45,-86.77837224622355,41.61278733764876,3215986.4638657076,1889904.7874241085,405.6613846101177,
35,More Zika patients reported in Lakeland,Lakeland,28.03947,-81.9498,US,0,-81.9498,28.03947,42,-81.3584018864898,27.428411397401486,3897123.0324733746,384145.4807333797,55.55437159731589,Zika
29,Zika spreads to Kissimmee,Kissimmee,28.30468,-81.41667,US,0,-81.41667,28.30468,42,-81.3584018864898,27.428411397401486,3897123.0324733746,384145.4807333797,60.606606314543995,Zika
38,Zika spreads to Plant City,Plant City,28.01888,-82.11469,US,0,-82.11469,28.01888,42,-81.3584018864898,27.428411397401486,3897123.0324733746,384145.4807333797,61.633501219559804,Zika
25,More Zika patients reported in Fort Myers,Fort Myers,26.62168,-81.84059,US,0,-81.84059,26.62168,42,-81.3584018864898,27.428411397401486,3897123.0324733746,384145.4807333797,63.10416107764734,Zika
30,Zika reported in Fort Pierce,Fort Pierce,27.44671,-80.32561,US,0,-80.32561,27.44671,42,-81.3584018864898,27.428411397401486,3897123.0324733746,384145.4807333797,63.30043729557335,Zika
6,New Zika Case Confirmed in Sarasota County,Sarasota,27.33643,-82.53065,US,0,-82.53065,27.33643,42,-81.3584018864898,27.428411397401486,3897123.0324733746,384145.4807333797,72.14932572665444,Zika
28,Bradenton Experiences Zika Troubles,Bradenton,27.49893,-82.57481999999997,US,0,-82.57481999999997,27.49893,42,-81.3584018864898,27.428411397401486,3897123.0324733746,384145.4807333797,74.681302130777,Zika
3,Tampa Bay Area Zika Case Count Climbs,Tampa,27.94752,-82.45843,US,0,-82.45843,27.94752,42,-81.3584018864898,27.428411397401486,3897123.0324733746,384145.4807333797,76.20850040685828,Zika
2,Orlando volunteers aid Zika research,Orlando,28.53834,-81.37924,US,0,-81.37924,28.53834,42,-81.3584018864898,27.428411397401486,3897123.0324733746,384145.4807333797,76.64580144569977,Zika
24,Zika symptoms spotted in Bonita Springs,Bonita Springs,26.33981,-81.7787,US,0,-81.7787,26.33981,42,-81.3584018864898,27.428411397401486,3897123.0324733746,384145.4807333797,79.49428255441661,Zika
32,Stony Brook University experts discuss Zika virus,University,28.07389,-82.43902,US,0,-82.43902,28.07389,42,-81.3584018864898,27.428411397401486,3897123.0324733746,384145.4807333797,79.6619681564714,Zika
31,Zika spreads to Winter Park,Winter Park,28.6,-81.33924,US,0,-81.33924,28.6,42,-81.3584018864898,27.428411397401486,3897123.0324733746,384145.4807333797,80.90103051361318,Zika
21,Zika Strikes St. Petersburg,St. Petersburg,27.77086,-82.67926999999997,US,0,-82.67926999999997,27.77086,42,-81.3584018864898,27.428411397401486,3897123.0324733746,384145.4807333797,84.20873685334219,Zika
11,Zika case reported in Jupiter,Jupiter,26.93422,-80.09421,US,0,-80.09421,26.93422,42,-81.3584018864898,27.428411397401486,3897123.0324733746,384145.4807333797,84.81282277570872,Zika
22,Zika Spreads to Palm Beach Gardens,Palm Beach Gardens,26.823390000000003,-80.13865,US,0,-80.13865,26.823390000000003,42,-81.3584018864898,27.428411397401486,3897123.0324733746,384145.4807333797,85.80858208390697,Zika
8,"Zika Patient in Seminole, Florida",Seminole,27.83975,-82.79120999999998,US,0,-82.79120999999998,27.83975,42,-81.3584018864898,27.428411397401486,3897123.0324733746,384145.4807333797,92.12959961191972,Zika
18,Zika arrives in West Palm Beach,West Palm Beach,26.71534,-80.05337,US,0,-80.05337,26.71534,42,-81.3584018864898,27.428411397401486,3897123.0324733746,384145.4807333797,94.1343129370877,Zika
41,Zika symptoms spotted in Boynton Beach,Boynton Beach,26.52535,-80.06643000000003,US,0,-80.06643000000003,26.52535,42,-81.3584018864898,27.428411397401486,3897123.0324733746,384145.4807333797,101.03189881310999,Zika
40,Zika Troubles come to Delray Beach,Delray Beach,26.46146,-80.07282,US,0,-80.07282,26.46146,42,-81.3584018864898,27.428411397401486,3897123.0324733746,384145.4807333797,103.5285967171856,Zika
27,Zika arrives in Boca Raton,Boca Raton,26.358690000000006,-80.0831,US,0,-80.0831,26.358690000000006,42,-81.3584018864898,27.428411397401486,3897123.0324733746,384145.4807333797,107.80457454283665,Zika
23,Zika in Tamarac!,Tamarac,26.21286,-80.24977,US,0,-80.24977,26.21286,42,-81.3584018864898,27.428411397401486,3897123.0324733746,384145.4807333797,108.21272795130344,Zika
26,Hallandale Beach a Victim of Zika Outbreak,Hallandale Beach,25.9812,-80.14838,US,0,-80.14838,25.9812,42,-81.3584018864898,27.428411397401486,3897123.0324733746,384145.4807333797,124.71721543664763,Zika
19,Zika spreads to Daytona Beach,Daytona Beach,29.21081,-81.02283,US,0,-81.02283,29.21081,42,-81.3584018864898,27.428411397401486,3897123.0324733746,384145.4807333797,124.74464137014141,Zika
39,Zika Reported in North Miami Beach,North Miami Beach,25.93315,-80.16255,US,0,-80.16255,25.93315,42,-81.3584018864898,27.428411397401486,3897123.0324733746,384145.4807333797,126.88963599973083,Zika
15,Zika Arrives in North Miami,North Miami,25.89009,-80.18670999999998,US,0,-80.18670999999998,25.89009,42,-81.3584018864898,27.428411397401486,3897123.0324733746,384145.4807333797,128.4833307962138,Zika
20,Zika Outbreak in Pinewood,Pinewood,25.86898,-80.21699,US,0,-80.21699,25.86898,42,-81.3584018864898,27.428411397401486,3897123.0324733746,384145.4807333797,128.66221966370847,Zika
12,Zika virus confirmed in Westchester,Westchester,25.75482,-80.32727,US,0,-80.32727,25.75482,42,-81.3584018864898,27.428411397401486,3897123.0324733746,384145.4807333797,131.92859735617427,Zika
0,Zika Outbreak Hits Miami,Miami,25.77427,-80.19366,US,0,-80.19366,25.77427,42,-81.3584018864898,27.428411397401486,3897123.0324733746,384145.4807333797,134.95922890040796,Zika
33,Miami resident suggests Zika precautions,Miami,25.77427,-80.19366,US,0,-80.19366,25.77427,42,-81.3584018864898,27.428411397401486,3897123.0324733746,384145.4807333797,134.95922890040796,Zika
36,Zika Outbreak in South Miami,Miami,25.77427,-80.19366,US,0,-80.19366,25.77427,42,-81.3584018864898,27.428411397401486,3897123.0324733746,384145.4807333797,134.95922890040796,Zika
17,Zika case reported in Coral Gables,Coral Gables,25.72149,-80.26838000000002,US,0,-80.26838000000002,25.72149,42,-81.3584018864898,27.428411397401486,3897123.0324733746,384145.4807333797,135.71920111281182,Zika
1,First Case of Zika in Miami Beach,Miami Beach,25.79065,-80.13005,US,0,-80.13005,25.79065,42,-81.3584018864898,27.428411397401486,3897123.0324733746,384145.4807333797,136.1478394128325,Zika
5,Zika symtomps spotted in Key West,Key West,24.55524,-81.78163,US,0,-81.78163,24.55524,42,-81.3584018864898,27.428411397401486,3897123.0324733746,384145.4807333797,200.1094800542952,Zika
7,Jacksonville man hit by Zika,Jacksonville,30.33218,-81.65565,US,0,-81.65565,30.33218,42,-81.3584018864898,27.428411397401486,3897123.0324733746,384145.4807333797,201.29483580140575,Zika
16,Zika battle outlined at Valdosta meeting,Valdosta,30.833340000000003,-83.28031999999997,US,0,-83.28031999999997,30.833340000000003,42,-81.3584018864898,27.428411397401486,3897123.0324733746,384145.4807333797,262.1018266093074,Zika
4,Tallahassee Doctors Discuss Zika Virus,Tallahassee,30.43826,-84.28073,US,0,-84.28073,30.43826,42,-81.3584018864898,27.428411397401486,3897123.0324733746,384145.4807333797,272.68187529213816,Zika
13,Outbreak of Zika in Panama City,Panama City,30.15946,-85.65983,US,0,-85.65983,30.15946,42,-81.3584018864898,27.428411397401486,3897123.0324733746,384145.4807333797,321.3515866782686,Zika
37,Panama City's first Zika related death,Panama City,30.15946,-85.65983,US,0,-85.65983,30.15946,42,-81.3584018864898,27.428411397401486,3897123.0324733746,384145.4807333797,321.3515866782686,Zika
135,More Zika patients reported in Fort Worth,Fort Worth,32.72541,-97.32085,US,2,-97.32085,32.72541,21,-97.57139936660934,32.42043605612784,2294897.606027548,844304.5478911307,25.610922402628763,Zika
127,Zika symptoms spotted in Arlington,Arlington,32.735690000000005,-97.10807,US,2,-97.10807,32.735690000000005,21,-97.57139936660934,32.42043605612784,2294897.606027548,844304.5478911307,34.64793371369058,Zika
122,Outbreak of Zika in Stephenville,Stephenville,32.2207,-98.20226,US,2,-98.20226,32.2207,21,-97.57139936660934,32.42043605612784,2294897.606027548,844304.5478911307,39.3079889087942,Zika
116,Dallas man comes down with case of Zika,Dallas,32.78306,-96.80667,US,2,-96.80667,32.78306,21,-97.57139936660934,32.42043605612784,2294897.606027548,844304.5478911307,51.04355488991246,Zika
131,More Zika patients reported in Carrollton,Carrollton,32.95373,-96.89028,US,2,-96.89028,32.95373,21,-97.57139936660934,32.42043605612784,2294897.606027548,844304.5478911307,54.059109796540035,Zika
132,Zika spreads to Lewisville,Lewisville,33.04623,-96.99417,US,2,-96.99417,33.04623,21,-97.57139936660934,32.42043605612784,2294897.606027548,844304.5478911307,54.68904360564998,Zika
129,More Zika patients reported in Waco,Waco,31.54933,-97.14667,US,2,-97.14667,31.54933,21,-97.57139936660934,32.42043605612784,2294897.606027548,844304.5478911307,65.08590001707005,Zika
125,Frisco Woman Tests Positive For Zika Virus,Frisco,33.15067,-96.82361,US,2,-96.82361,33.15067,21,-97.57139936660934,32.42043605612784,2294897.606027548,844304.5478911307,66.52938407170323,Zika
133,Fort Hood Reports its First Zika Patient,Fort Hood,31.13489,-97.77561,US,2,-97.77561,31.13489,21,-97.57139936660934,32.42043605612784,2294897.606027548,844304.5478911307,89.56639037799941,Zika
136,Zika Outbreak in Wichita Falls,Wichita Falls,33.913709999999995,-98.49339,US,2,-98.49339,33.913709999999995,21,-97.57139936660934,32.42043605612784,2294897.606027548,844304.5478911307,116.05820324675629,Zika
124,Zika-carrying mosquitoes discovered in Ardmore,Ardmore,34.17426,-97.14363,US,2,-97.14363,34.17426,21,-97.57139936660934,32.42043605612784,2294897.606027548,844304.5478911307,123.58348543802589,Zika
128,Zika case reported in Abilene,Abilene,32.44874,-99.73314,US,2,-99.73314,32.44874,21,-97.57139936660934,32.42043605612784,2294897.606027548,844304.5478911307,125.98728931885378,Zika
118,More Zika patients reported in Austin,Austin,30.26715,-97.74306,US,2,-97.74306,30.26715,21,-97.57139936660934,32.42043605612784,2294897.606027548,844304.5478911307,149.0182417063661,Zika
120,Spring break ruined by Zika in Fort Lauderdale,Spring,30.07994,-95.41716,US,2,-95.41716,30.07994,21,-97.57139936660934,32.42043605612784,2294897.606027548,844304.5478911307,205.6181515596923,Zika
119,Zika San Antonio Patient Speaks Out,San Antonio,29.42412,-98.49363,US,2,-98.49363,29.42412,21,-97.57139936660934,32.42043605612784,2294897.606027548,844304.5478911307,213.96810810711068,Zika
117,Zika Concerns are Spreading in Houston,Houston,29.76328,-95.36327,US,2,-95.36327,29.76328,21,-97.57139936660934,32.42043605612784,2294897.606027548,844304.5478911307,225.1611568833419,Zika
123,Zika Virus Detected in Lubbock,Lubbock,33.57786,-101.85517,US,2,-101.85517,33.57786,21,-97.57139936660934,32.42043605612784,2294897.606027548,844304.5478911307,260.5887512740456,Zika
121,Outbreak of Zika in Corpus Christi,Corpus Christi,27.80058,-97.39638,US,2,-97.39638,27.80058,21,-97.57139936660934,32.42043605612784,2294897.606027548,844304.5478911307,319.1500623085144,Zika
236,Is Lafayette prepared to combat Zika?,Lafayette,30.224090000000004,-92.01984,US,5,-92.01984,30.224090000000004,10,-92.402040814266,31.506799346824668,2783482.634816501,742620.6254078997,91.41558373155102,
237,Zika only the latest mosquito-borne threat to New Orleans,New Orleans,29.95465,-90.07507,US,5,-90.07507,29.95465,10,-92.402040814266,31.506799346824668,2783482.634816501,742620.6254078997,174.80002585922716,
39,New Delhi Addressing Zika Concerns,New Delhi,28.63576,77.22445,IN,-1,77.22445,28.63576,76,55.971290978097166,14.622809793813127,55.971290978097166,14.622809793813127,1667.4043297807525,
30,Zika: Delhi for strict monitoring,Delhi,28.65195,77.23149000000002,IN,-1,77.23149000000002,28.65195,76,55.971290978097166,14.622809793813127,55.971290978097166,14.622809793813127,1668.3456236957045,
83,Zika Troubles come to Greater Noida,Greater Noida,28.49615,77.53601,IN,-1,77.53601,28.49615,76,55.971290978097166,14.622809793813127,55.971290978097166,14.622809793813127,1678.7536015329156,
34,Can Zika make it here to Vero Beach?,Can,40.03328,27.05236,TR,-1,27.05236,40.03328,76,55.971290978097166,14.622809793813127,55.971290978097166,14.622809793813127,2473.1026864354544,
41,19 new Zika Cases in Sengkang,Sengkang,-4.1279,120.0297,ID,-1,120.0297,-4.1279,76,55.971290978097166,14.622809793813127,55.971290978097166,14.622809793813127,4568.765346086865,
24,Townsville Zika tests inconclusive,Townsville,-19.26639,146.80569,AU,-1,146.80569,-19.26639,76,55.971290978097166,14.622809793813127,55.971290978097166,14.622809793813127,6596.8235982114875,
64,More Zika patients reported in Melbourne,Melbourne,-37.814,144.96331999999995,AU,-1,144.96331999999995,-37.814,76,55.971290978097166,14.622809793813127,55.971290978097166,14.622809793813127,6775.060767429315,
32,Precautionary Zika measures in Rockhampton,Rockhampton,-23.38032,150.50595,AU,-1,150.50595,-23.38032,76,55.971290978097166,14.622809793813127,55.971290978097166,14.622809793813127,6891.486258980569,
38,Is Zika virus in Majuro?,Majuro,7.08971,171.38027,MH,-1,171.38027,7.08971,76,55.971290978097166,14.622809793813127,55.971290978097166,14.622809793813127,7759.719813428634,
88,Zika Outbreak in Manaus,Manaus,-3.1019400000000004,-60.025,BR,-1,-60.025,-3.1019400000000004,76,55.971290978097166,14.622809793813127,55.971290978097166,14.622809793813127,8003.895239541452,
43,Zika alert for Rio Grande Valley residents,Rio Grande,-53.78769000000001,-67.70945999999999,AR,-1,-67.70945999999999,-53.78769000000001,76,55.971290978097166,14.622809793813127,55.971290978097166,14.622809793813127,8380.66427781569,
22,Trinidad confirms first Zika case,Trinidad,-14.833329999999998,-64.9,BO,-1,-64.9,-14.833329999999998,76,55.971290978097166,14.622809793813127,55.971290978097166,14.622809793813127,8492.26350987621,
23,San Juan reports 1st U.S. Zika-related death amid outbreak,San Juan,-31.5375,-68.53639,AR,-1,-68.53639,-31.5375,76,55.971290978097166,14.622809793813127,55.971290978097166,14.622809793813127,8756.049508914783,
90,Zika Outbreak in Mexicali,Mexicali,32.62781,-115.45446,MX,-1,-115.45446,32.62781,76,55.971290978097166,14.622809793813127,55.971290978097166,14.622809793813127,9116.921604281826,
181,Nha Trang Zika Outbreak,Nha Trang,12.24507,109.19432,VN,2,109.19432,12.24507,59,112.89691730563824,14.624445116102136,112.89691730563824,14.624445116102136,298.0018548827039,Zika
160,Zika cases in Vietnam's Ho Chi Minh City surge,Ho Chi Minh City,10.82302,106.62965,VN,2,106.62965,10.82302,59,112.89691730563824,14.624445116102136,112.89691730563824,14.624445116102136,496.9646659322086,Zika
193,Zika Troubles come to Kampong Cham,Kampong Cham,11.99339,105.4635,KH,2,105.4635,11.99339,59,112.89691730563824,14.624445116102136,112.89691730563824,14.624445116102136,531.4032133887229,Zika
216,More Zika patients reported in Indang,Indang,14.19528,120.87694,PH,2,120.87694,14.19528,59,112.89691730563824,14.624445116102136,112.89691730563824,14.624445116102136,534.4425766631164,Zika
209,Zika Troubles come to Jaen,Jaen,15.3275,120.9192,PH,2,120.9192,15.3275,59,112.89691730563824,14.624445116102136,112.89691730563824,14.624445116102136,537.2508661026765,Zika
175,Spreading Zika reaches Bacoor,Bacoor,14.45896,120.93851,PH,2,120.93851,14.45896,59,112.89691730563824,14.624445116102136,112.89691730563824,14.624445116102136,537.5401148727851,Zika
158,Zika alert - Manila now threatened,Manila,14.6042,120.9822,PH,2,120.9822,14.6042,59,112.89691730563824,14.624445116102136,112.89691730563824,14.624445116102136,540.1618297881189,Zika
169,More Quezon City Zika Transmissions,Quezon City,14.6488,121.0509,PH,2,121.0509,14.6488,59,112.89691730563824,14.624445116102136,112.89691730563824,14.624445116102136,544.6964060993993,Zika
192,Outbreak of Zika in Pasig City,Pasig City,14.58691,121.0614,PH,2,121.0614,14.58691,59,112.89691730563824,14.624445116102136,112.89691730563824,14.624445116102136,545.4782657229379,Zika
198,More Zika patients reported in Calumpang,Calumpang,14.6228,121.0897,PH,2,121.0897,14.6228,59,112.89691730563824,14.624445116102136,112.89691730563824,14.624445116102136,547.3178893653037,Zika
174,Antipolo under threat from Zika Virus,Antipolo,14.62578,121.12251,PH,2,121.12251,14.62578,59,112.89691730563824,14.624445116102136,112.89691730563824,14.624445116102136,549.5057782638571,Zika
194,Zika case reported in Rizal,Rizal,15.7118,121.1061,PH,2,121.1061,15.7118,59,112.89691730563824,14.624445116102136,112.89691730563824,14.624445116102136,552.1445297974875,Zika
176,Zika afflicts patient in Calamba,Calamba,14.211670000000002,121.16528,PH,2,121.16528,14.211670000000002,59,112.89691730563824,14.624445116102136,112.89691730563824,14.624445116102136,553.6134494473816,Zika
190,Phnom Penh hit by Zika Threat,Phnom Penh,11.56245,104.91601,KH,2,104.91601,11.56245,59,112.89691730563824,14.624445116102136,112.89691730563824,14.624445116102136,576.7657511646061,Zika
213,More Zika patients reported in Kampong Speu,Kampong Speu,11.45332,104.52085,KH,2,104.52085,11.45332,59,112.89691730563824,14.624445116102136,112.89691730563824,14.624445116102136,604.3631432090398,Zika
179,"New Zika Case in Kota Kinabalu, Malaysia",Kota Kinabalu,5.9749,116.0724,MY,2,116.0724,5.9749,59,112.89691730563824,14.624445116102136,112.89691730563824,14.624445116102136,634.898898326283,Zika
170,Hospitals in Hanoi fill up with Zika patients,Hanoi,21.0245,105.84117,VN,2,105.84117,21.0245,59,112.89691730563824,14.624445116102136,112.89691730563824,14.624445116102136,640.3466227952822,Zika
197,Zika arrives in Udon Thani,Udon Thani,17.415670000000002,102.78589,TH,2,102.78589,17.415670000000002,59,112.89691730563824,14.624445116102136,112.89691730563824,14.624445116102136,697.9907401041702,Zika
159,Zika afflicts 7 in Iloilo City,Iloilo,10.69694,122.56444,PH,2,122.56444,10.69694,59,112.89691730563824,14.624445116102136,112.89691730563824,14.624445116102136,705.2970837092374,Zika
186,Zika arrives in Miri,Miri,4.39928,113.99163,MY,2,113.99163,4.39928,59,112.89691730563824,14.624445116102136,112.89691730563824,14.624445116102136,709.9122272443101,Zika
184,Outbreak of Zika in Bacolod City,Bacolod City,10.66667,122.95,PH,2,122.95,10.66667,59,112.89691730563824,14.624445116102136,112.89691730563824,14.624445116102136,730.1477725498581,Zika
210,More Zika patients reported in Chanthaburi,Chanthaburi,12.60961,102.10447,TH,2,102.10447,12.60961,59,112.89691730563824,14.624445116102136,112.89691730563824,14.624445116102136,737.3596678412499,Zika
195,Zika case reported in Phetchabun,Phetchabun,16.41904,101.16056,TH,2,101.16056,16.41904,59,112.89691730563824,14.624445116102136,112.89691730563824,14.624445116102136,790.4205319667075,Zika
206,"Sulu, Zamboanga brace for Zika",Zamboanga,6.91028,122.07389,PH,2,122.07389,6.91028,59,112.89691730563824,14.624445116102136,112.89691730563824,14.624445116102136,818.8295087696125,Zika
161,Thailand-Zika Virus in Bangkok,Bangkok,13.75398,100.50144,TH,2,100.50144,13.75398,59,112.89691730563824,14.624445116102136,112.89691730563824,14.624445116102136,831.8048449355225,Zika
201,Zika symptoms spotted in Sibu,Sibu,2.3,111.81667,MY,2,111.81667,2.3,59,112.89691730563824,14.624445116102136,112.89691730563824,14.624445116102136,854.1229581822489,Zika
212,Zika spreads to Kamphaeng Phet,Kamphaeng Phet,16.483439999999998,99.52153,TH,2,99.52153,16.483439999999998,59,112.89691730563824,14.624445116102136,112.89691730563824,14.624445116102136,898.7053672898127,Zika
196,Zika spreads to Kuching,Kuching,1.55,110.33333,MY,2,110.33333,1.55,59,112.89691730563824,14.624445116102136,112.89691730563824,14.624445116102136,919.5033632976947,Zika
202,Zika arrives in Quezon,Quezon,7.73028,125.09889,PH,2,125.09889,7.73028,59,112.89691730563824,14.624445116102136,112.89691730563824,14.624445116102136,953.2471167962734,Zika
188,More Zika patients reported in Davao,Davao,7.073060000000001,125.61278,PH,2,125.61278,7.073060000000001,59,112.89691730563824,14.624445116102136,112.89691730563824,14.624445116102136,1007.0068623916754,Zika
163,Kuala Lumpur is Hit By Zika Threat,Kuala Lumpur,3.1412,101.68653,MY,2,101.68653,3.1412,59,112.89691730563824,14.624445116102136,112.89691730563824,14.624445116102136,1100.5956192318013,Zika
180,"Zika reaches Johor Bahru, Malaysia",Johor Bahru,1.4655,103.7578,MY,2,103.7578,1.4655,59,112.89691730563824,14.624445116102136,112.89691730563824,14.624445116102136,1101.8282994787248,Zika
177,Petaling Jaya man ill from Zika,Petaling Jaya,3.10726,101.60671,MY,2,101.60671,3.10726,59,112.89691730563824,14.624445116102136,112.89691730563824,14.624445116102136,1106.074761112437,Zika
185,Zika cases in Singapore reach 393,Singapore,1.28967,103.85007,SG,2,103.85007,1.28967,59,112.89691730563824,14.624445116102136,112.89691730563824,14.624445116102136,1108.3981679553697,Zika
167,"Zika surfaces in Klang, Malaysia",Klang,3.03667,101.44333,MY,2,101.44333,3.03667,59,112.89691730563824,14.624445116102136,112.89691730563824,14.624445116102136,1117.3612360738275,Zika
164,First Zika case confirmed in Yangon,Yangon,16.80528,96.15611,MM,2,96.15611,16.80528,59,112.89691730563824,14.624445116102136,112.89691730563824,14.624445116102136,1122.4379381962904,Zika
172,Zika now spreading through Jakarta,Jakarta,-6.21462,106.84513,ID,2,106.84513,-6.21462,59,112.89691730563824,14.624445116102136,112.89691730563824,14.624445116102136,1497.3178831432272,Zika
162,Beijing team cracks Zika secret,Beijing,39.9075,116.39723,CN,2,116.39723,39.9075,59,112.89691730563824,14.624445116102136,112.89691730563824,14.624445116102136,1758.4561216508384,Zika
171,Seoul confirms 14th Zika infection,Seoul,37.566,126.9784,KR,2,126.9784,37.566,59,112.89691730563824,14.624445116102136,112.89691730563824,14.624445116102136,1803.6225634120563,Zika
261,Zika arrives in San Onofre,San Onofre,9.73586,-75.52626,CO,3,-75.52626,9.73586,52,-80.89593072951678,12.555497414320579,-80.89593072951678,12.555497414320579,412.5375710573412,
243,Zika spreads to Barranquilla,Barranquilla,10.96854,-74.78132,CO,3,-74.78132,10.96854,52,-80.89593072951678,12.555497414320579,-80.89593072951678,12.555497414320579,427.5748807430397,
245,Zika Outbreak in Sincelejo,Sincelejo,9.30472,-75.39778000000003,CO,3,-75.39778000000003,9.30472,52,-80.89593072951678,12.555497414320579,-80.89593072951678,12.555497414320579,435.0445576388822,
228,Zika arrives in Tegucigalpa,Tegucigalpa,14.0818,-87.20681,HN,3,-87.20681,14.0818,52,-80.89593072951678,12.555497414320579,-80.89593072951678,12.555497414320579,436.89092297523337,
264,Zika spreads to Caucasia,Caucasia,7.98654,-75.19349,CO,3,-75.19349,7.98654,52,-80.89593072951678,12.555497414320579,-80.89593072951678,12.555497414320579,499.5183137777543,
265,Zika Reported in Ilopango,Ilopango,13.701670000000002,-89.10944,SV,3,-89.10944,13.701670000000002,52,-80.89593072951678,12.555497414320579,-80.89593072951678,12.555497414320579,557.8873903559951,
225,More Zika cases in Soyapango,Soyapango,13.71024,-89.13989000000002,SV,3,-89.13989000000002,13.71024,52,-80.89593072951678,12.555497414320579,-80.89593072951678,12.555497414320579,559.988118011363,
238,Zika symptoms spotted in Bello,Bello,6.33732,-75.55795,CO,3,-75.55795,6.33732,52,-80.89593072951678,12.555497414320579,-80.89593072951678,12.555497414320579,562.4630889172782,
217,Zika worries in San Salvador,San Salvador,13.68935,-89.18718,SV,3,-89.18718,13.68935,52,-80.89593072951678,12.555497414320579,-80.89593072951678,12.555497414320579,562.9566734484251,
260,Zika case reported in Medellin,Medellin,6.2518400000000005,-75.56359,CO,3,-75.56359,6.2518400000000005,52,-80.89593072951678,12.555497414320579,-80.89593072951678,12.555497414320579,566.7604762948408,
224,Belize City under threat from Zika,Belize City,17.49952,-88.19756,BZ,3,-88.19756,17.49952,52,-80.89593072951678,12.555497414320579,-80.89593072951678,12.555497414320579,594.4746295229162,
263,Zika arrives in Belmopan,Belmopan,17.25,-88.76666999999998,BZ,3,-88.76666999999998,17.25,52,-80.89593072951678,12.555497414320579,-80.89593072951678,12.555497414320579,616.9578372479979,
239,"Zika Mosquitoes May Have Bred in Bromeliads, Florida Officials Say",Florida,21.52536,-78.22579,CU,3,-78.22579,21.52536,52,-80.89593072951678,12.555497414320579,-80.89593072951678,12.555497414320579,643.8578904859065,
227,Visitor to Cucuta contracts Zika,Cucuta,7.893910000000001,-72.50782,CO,3,-72.50782,7.893910000000001,52,-80.89593072951678,12.555497414320579,-80.89593072951678,12.555497414320579,654.3966995703041,
236,Zika arrives in San Benito,San Benito,16.91675,-89.91898,GT,3,-89.91898,16.91675,52,-80.89593072951678,12.555497414320579,-80.89593072951678,12.555497414320579,673.371473145264,
229,Spreading Zika ruining Cancun fun,Cancun,21.17429,-86.84656,MX,3,-86.84656,21.17429,52,-80.89593072951678,12.555497414320579,-80.89593072951678,12.555497414320579,712.9823836133104,
219,18 new Zika Cases in Bogota,Bogota,4.60971,-74.08175,CO,3,-74.08175,4.60971,52,-80.89593072951678,12.555497414320579,-80.89593072951678,12.555497414320579,719.0505897843763,
220,Zika Virus Transmission Detected in Havana,Havana,23.13302,-82.38304000000002,CU,3,-82.38304000000002,23.13302,52,-80.89593072951678,12.555497414320579,-80.89593072951678,12.555497414320579,736.8142688016828,
231,Villavicencio under Zika threat,Villavicencio,4.142,-73.62664000000002,CO,3,-73.62664000000002,4.142,52,-80.89593072951678,12.555497414320579,-80.89593072951678,12.555497414320579,763.9253634545815,
268,More Zika patients reported in Bella Vista,Bella Vista,18.45539,-69.9454,DO,3,-69.9454,18.45539,52,-80.89593072951678,12.555497414320579,-80.89593072951678,12.555497414320579,834.2984088243674,
247,Zika symptoms spotted in Quisqueya,Quisqueya,18.55542,-69.40814,DO,3,-69.40814,18.55542,52,-80.89593072951678,12.555497414320579,-80.89593072951678,12.555497414320579,868.7360754905847,
255,Zika symptoms spotted in Quito,Quito,-0.22985,-78.52495,EC,3,-78.52495,-0.22985,52,-80.89593072951678,12.555497414320579,-80.89593072951678,12.555497414320579,897.5825455175951,
267,Outbreak of Zika in Portoviejo,Portoviejo,-1.05458,-80.45445,EC,3,-80.45445,-1.05458,52,-80.89593072951678,12.555497414320579,-80.89593072951678,12.555497414320579,940.1977833464957,
252,Outbreak of Zika in Santa Elena,Santa Elena,-2.22622,-80.85873000000002,EC,3,-80.85873000000002,-2.22622,52,-80.89593072951678,12.555497414320579,-80.89593072951678,12.555497414320579,1020.6101954879786,
250,Zika Troubles come to La Libertad,La Libertad,-2.233,-80.91039,EC,3,-80.91039,-2.233,52,-80.89593072951678,12.555497414320579,-80.89593072951678,12.555497414320579,1021.0756158254526,
241,Zika arrives in Oaxaca,Oaxaca,17.06542,-96.72365,MX,3,-96.72365,17.06542,52,-80.89593072951678,12.555497414320579,-80.89593072951678,12.555497414320579,1100.9242603117343,
234,Veracruz hit by Zika Concerns,Veracruz,19.18095,-96.1429,MX,3,-96.1429,19.18095,52,-80.89593072951678,12.555497414320579,-80.89593072951678,12.555497414320579,1110.3043249603847,
221,Saint Croix under Zika threat,Saint Croix,17.727510000000006,-64.74698000000001,VI,3,-64.74698000000001,17.727510000000006,52,-80.89593072951678,12.555497414320579,-80.89593072951678,12.555497414320579,1133.3373647958374,
249,Zika symptoms spotted in Iquitos,Iquitos,-3.74912,-73.25383000000002,PE,3,-73.25383000000002,-3.74912,52,-80.89593072951678,12.555497414320579,-80.89593072951678,12.555497414320579,1241.8509752499879,
226,Zika outbreak spreads to Mexico City,Mexico City,19.42847,-99.12766,MX,3,-99.12766,19.42847,52,-80.89593072951678,12.555497414320579,-80.89593072951678,12.555497414320579,1298.6109896230346,
266,Zika Outbreak in Yurimaguas,Yurimaguas,-5.90181,-76.12234000000002,PE,3,-76.12234000000002,-5.90181,52,-80.89593072951678,12.555497414320579,-80.89593072951678,12.555497414320579,1315.821237584813,
237,Zika case recorded in Tunapuna >>,Tunapuna,10.65245,-61.38878,TT,3,-61.38878,10.65245,52,-80.89593072951678,12.555497414320579,-80.89593072951678,12.555497414320579,1325.5465210158186,
259,Zika case reported in Reynosa,Reynosa,26.08061,-98.28835,MX,3,-98.28835,26.08061,52,-80.89593072951678,12.555497414320579,-80.89593072951678,12.555497414320579,1465.2785574878733,
257,Zika spreads to San Luis Potosi,San Luis Potosi,22.14982,-100.97916,MX,3,-100.97916,22.14982,52,-80.89593072951678,12.555497414320579,-80.89593072951678,12.555497414320579,1477.7229792315536,
240,Four cases of Zika in Hidalgo County,Hidalgo,25.97205,-100.45029,MX,3,-100.45029,25.97205,52,-80.89593072951678,12.555497414320579,-80.89593072951678,12.555497414320579,1571.8318191827752,
253,More Zika patients reported in Nuevo Laredo,Nuevo Laredo,27.47629,-99.51639,MX,3,-99.51639,27.47629,52,-80.89593072951678,12.555497414320579,-80.89593072951678,12.555497414320579,1583.5044906210214,
218,Lima tries to address Zika Concerns,Lima,-12.04318,-77.02824,PE,3,-77.02824,-12.04318,52,-80.89593072951678,12.555497414320579,-80.89593072951678,12.555497414320579,1718.967034845593,
262,Zika Reported in Ciudad Acuna,Ciudad Acuna,29.323220000000006,-100.95217,MX,3,-100.95217,29.323220000000006,52,-80.89593072951678,12.555497414320579,-80.89593072951678,12.555497414320579,1730.1937392177529,
6,New Zika Case Confirmed in Belo Horizonte,Belo Horizonte,-19.92083,-43.93778,BR,0,-43.93778,-19.92083,22,-42.856222988193664,-16.77402502603969,-42.856222988193664,-16.77402502603969,228.53745336876085,Zika
4,Second Zika Paitient in Brasilia,Brasilia,-15.77972,-47.92972,BR,0,-47.92972,-15.77972,22,-42.856222988193664,-16.77402502603969,-42.856222988193664,-16.77402502603969,343.1830800949441,Zika
2,Zika spreading to Salvador,Salvador,-12.97111,-38.51083,BR,0,-38.51083,-12.97111,22,-42.856222988193664,-16.77402502603969,-42.856222988193664,-16.77402502603969,391.14124351885675,Zika
11,More Zika patients reported in Camacari,Camacari,-12.6975,-38.32417,BR,0,-38.32417,-12.6975,22,-42.856222988193664,-16.77402502603969,-42.856222988193664,-16.77402502603969,413.22411380027256,Zika
13,Zika case reported in Jacobina,Jacobina,-11.18143,-40.51372,BR,0,-40.51372,-11.18143,22,-42.856222988193664,-16.77402502603969,-42.856222988193664,-16.77402502603969,416.79177224232603,Zika
8,Zika Troubles come to Niteroi,Niteroi,-22.88333,-43.10361,BR,0,-43.10361,-22.88333,22,-42.856222988193664,-16.77402502603969,-42.856222988193664,-16.77402502603969,422.12386386263745,Zika
17,More Zika patients reported in Ribeirao Preto,Ribeirao Preto,-21.1775,-47.81028,BR,0,-47.81028,-21.1775,22,-42.856222988193664,-16.77402502603969,-42.856222988193664,-16.77402502603969,443.83880700290877,Zika
3,"Zika outbreak in Piracicaba, Brazil",Piracicaba,-22.72528,-47.64917,BR,0,-47.64917,-22.72528,22,-42.856222988193664,-16.77402502603969,-42.856222988193664,-16.77402502603969,515.4861532205614,Zika
1,Zika Infested Monkeys in Sao Paulo,Sao Paulo,-23.5475,-46.63611,BR,0,-46.63611,-23.5475,22,-42.856222988193664,-16.77402502603969,-42.856222988193664,-16.77402502603969,527.8649984266168,Zika
9,Zika arrives in Santos,Santos,-23.96083,-46.33361,BR,0,-46.33361,-23.96083,22,-42.856222988193664,-16.77402502603969,-42.856222988193664,-16.77402502603969,544.790615632903,Zika
20,More Zika patients reported in Botucatu,Botucatu,-22.88583,-48.445,BR,0,-48.445,-22.88583,22,-42.856222988193664,-16.77402502603969,-42.856222988193664,-16.77402502603969,556.4687863015884,Zika
18,More Zika patients reported in Custodia,Custodia,-8.0875,-37.64306,BR,0,-37.64306,-8.0875,22,-42.856222988193664,-16.77402502603969,-42.856222988193664,-16.77402502603969,694.9796780492424,Zika
19,Zika case reported in Limoeiro,Limoeiro,-7.87472,-35.45028,BR,0,-35.45028,-7.87472,22,-42.856222988193664,-16.77402502603969,-42.856222988193664,-16.77402502603969,791.5336849499336,Zika
16,Zika spreads to Olinda,Olinda,-8.00889,-34.85528,BR,0,-34.85528,-8.00889,22,-42.856222988193664,-16.77402502603969,-42.856222988193664,-16.77402502603969,810.3739316569258,Zika
10,More Zika patients reported in Joao Pessoa,Joao Pessoa,-7.115,-34.86306,BR,0,-34.86306,-7.115,22,-42.856222988193664,-16.77402502603969,-42.856222988193664,-16.77402502603969,857.6128549949591,Zika
21,Zika Reported in Sao Jose,Sao Jose,-28.21171,-49.1632,BR,0,-49.1632,-28.21171,22,-42.856222988193664,-16.77402502603969,-42.856222988193664,-16.77402502603969,885.8280427934001,Zika
12,Zika arrives in Natal,Natal,-5.795,-35.20944,BR,0,-35.20944,-5.795,22,-42.856222988193664,-16.77402502603969,-42.856222988193664,-16.77402502603969,917.48924614372,Zika
14,Zika symptoms spotted in Fortaleza,Fortaleza,-3.71722,-38.54306,BR,0,-38.54306,-3.71722,22,-42.856222988193664,-16.77402502603969,-42.856222988193664,-16.77402502603969,947.7296432948159,Zika
290,More Zika patients reported in Chennai,Chennai,13.08784,80.27847,IN,5,80.27847,13.08784,11,77.85084012732823,14.461980404654872,77.85084012732823,14.461980404654872,188.42084488884515,Zika
282,Zika Outbreak in Hyderabad,Hyderabad,17.38405,78.45636,IN,5,78.45636,17.38405,11,77.85084012732823,14.461980404654872,77.85084012732823,14.461980404654872,205.72067373899353,Zika
287,Zika Outbreak in Puducherry,Puducherry,11.93381,79.82979,IN,5,79.82979,11.93381,11,77.85084012732823,14.461980404654872,77.85084012732823,14.461980404654872,219.46198540449814,Zika
288,Outbreak of Zika in Kozhikode,Kozhikode,11.24802,75.7804,IN,5,75.7804,11.24802,11,77.85084012732823,14.461980404654872,77.85084012732823,14.461980404654872,262.0338295170682,Zika
272,Tests negative on Windsor Zika carriers,Windsor,42.30008,-83.01654,CA,4,-83.01654,42.30008,11,-76.31129869760971,44.69562953788494,-76.31129869760971,44.69562953788494,374.19347720755695,
281,Pune woman diagnosed with Zika,Pune,18.51957,73.85535,IN,5,73.85535,18.51957,11,77.85084012732823,14.461980404654872,77.85084012732823,14.461980404654872,385.2539120742716,Zika
280,Mumbai's Health Minister warns of more Zika cases,Mumbai,19.07283,72.88261,IN,5,72.88261,19.07283,11,77.85084012732823,14.461980404654872,77.85084012732823,14.461980404654872,457.32888379581055,Zika
283,Zika symptoms spotted in Colombo,Colombo,6.93548,79.84868,LK,5,79.84868,6.93548,11,77.85084012732823,14.461980404654872,77.85084012732823,14.461980404654872,537.0274538086147,Zika
289,Outbreak of Zika in Colombo,Colombo,6.93548,79.84868,LK,5,79.84868,6.93548,11,77.85084012732823,14.461980404654872,77.85084012732823,14.461980404654872,537.0274538086147,Zika
286,Zika symptoms spotted in Surat,Surat,21.19594,72.83023,IN,5,72.83023,21.19594,11,77.85084012732823,14.461980404654872,77.85084012732823,14.461980404654872,570.005565699347,Zika
